name,year,langs,total_files,total_blanks,total_comment,comment_ratio,total_SLOCS,total_FP,cc_organic_effort,cc_organic_time,cc_organic_persons,cc_semide_effort,cc_semide_time, cc_semide_persons,cc_embedded_effort, cc_embedded_time, cc_embedded_persons
ExploitKit.Eleonore.1.4.4,2014,3,22,896,145,3.7682,3848,59.76,9.88,5.97,1.65,13.57,6.23,2.18,18.14,6.32,2.87
NBot,2008,3,82,1582,986,13.9069,7090,117.87,18.77,7.62,2.46,26.91,7.91,3.4,37.76,7.99,4.73
diesel,2000,1,1,147,47,14.2424,330,2.77,0.75,2.24,0.33,0.87,2.38,0.37,0.95,2.46,0.39
dissolution,2003,1,1,128,89,13.8846,641,5.39,1.5,2.92,0.51,1.82,3.08,0.59,2.11,3.17,0.67
PowerLoader,2013,5,45,1949,928,3.7247,24915,314.43,70.23,12.58,5.58,109.94,12.95,8.49,170.63,12.95,13.18
yonggary,2001,1,1,146,130,15.0637,863,7.25,2.06,3.29,0.63,2.54,3.46,0.73,3.02,3.56,0.85
xTBot0.0.2,2012,4,6,446,263,8.0037,3286,64.13,8.37,5.61,1.49,11.37,5.85,1.94,15.01,5.95,2.52
duovit,2005,1,1,19,6,6.0606,99,0.83,0.21,1.38,0.15,0.23,1.49,0.15,0.22,1.54,0.14
HellBotv3.0,2005,4,42,896,834,17.2207,4843,67.33,12.58,6.54,1.92,17.56,6.82,2.57,23.9,6.9,3.46
Combat,1996,1,1,10,46,53.4884,86,0.72,0.18,1.3,0.14,0.19,1.4,0.14,0.19,1.47,0.13
ExploitKit.BlackHole.100,2012,3,64,29,30,0.3492,8592,136.09,22.96,8.22,2.79,33.37,8.53,3.91,47.56,8.6,5.53
ExploitKit.BlackHole.102,2012,3,64,29,30,0.3492,8592,136.09,22.96,8.22,2.79,33.37,8.53,3.91,47.56,8.6,5.53
p-adic,2002,1,1,326,96,12.8686,746,6.27,1.76,3.1,0.57,2.16,3.27,0.66,2.53,3.36,0.75
Nanomites,2005,1,11,254,691,20.134,3432,28.84,8.76,5.7,1.54,11.94,5.96,2.0,15.81,6.05,2.61
Zombie.32,1999,1,1,17,15,62.5,24,0.2,0.05,0.8,0.06,0.05,0.88,0.06,0.04,0.89,0.04
KINS,2011,9,267,16005,10726,11.9897,89460,1462.87,268.8,20.95,12.83,460.2,21.38,21.52,791.15,21.15,37.41
bv3,1987,1,1,0,0,0.0,67,1.6,0.14,1.18,0.12,0.15,1.29,0.12,0.14,1.33,0.11
sabia,2000,4,9,1021,173,5.8347,2965,26.1,7.51,5.38,1.4,10.13,5.62,1.8,13.27,5.72,2.32
vbBot,2005,2,12,165,228,10.7598,2119,50.16,5.28,4.7,1.12,6.96,4.93,1.41,8.86,5.02,1.76
Yobe,1999,1,1,75,218,29.2225,746,6.27,1.76,3.1,0.57,2.16,3.27,0.66,2.53,3.36,0.75
prc-ko,2005,1,1,61,117,28.0576,417,3.5,0.96,2.46,0.39,1.13,2.61,0.43,1.26,2.69,0.47
vera,2007,2,2,200,134,8.1261,1649,13.88,4.06,4.26,0.95,5.25,4.47,1.17,6.56,4.56,1.44
Obsidian,2003,1,1,143,173,24.6088,703,5.91,1.66,3.03,0.55,2.02,3.2,0.63,2.36,3.29,0.72
fag,2005,1,6,293,17,2.0286,838,7.04,1.99,3.25,0.61,2.46,3.43,0.72,2.91,3.52,0.83
Rammstein,2000,2,6,770,333,6.1371,5426,45.75,14.17,6.85,2.07,19.94,7.13,2.8,27.4,7.21,3.8
gibraltar_monkey,2000,1,1,176,32,9.6677,331,2.78,0.75,2.24,0.33,0.87,2.38,0.37,0.96,2.47,0.39
chthon,2001,3,3,179,229,19.4232,1179,12.3,2.85,3.72,0.77,3.61,3.92,0.92,4.39,4.01,1.09
Win32.ogw0rm,2008,3,22,82,6,1.5075,398,7.09,0.91,2.41,0.38,1.07,2.56,0.42,1.19,2.64,0.45
tereza,2005,1,1,129,157,24.8025,633,5.32,1.48,2.9,0.51,1.8,3.07,0.59,2.08,3.16,0.66
infancy,2001,1,1,45,154,42.0765,366,3.08,0.84,2.34,0.36,0.97,2.47,0.39,1.08,2.56,0.42
bagle,2004,2,27,1215,487,8.8966,5474,46.02,14.3,6.87,2.08,20.14,7.15,2.82,27.69,7.24,3.82
Cairuh,2009,2,8,74,24,0.1035,23191,239.49,65.13,12.22,5.33,101.46,12.59,8.06,156.56,12.6,12.43
ShadowBot,2008,3,10,163,93,6.5401,1422,21.5,3.47,4.01,0.87,4.45,4.22,1.05,5.49,4.31,1.27
cermalus,2007,1,1,189,208,10.3072,2018,16.96,5.02,4.62,1.09,6.59,4.84,1.36,8.36,4.93,1.7
babylonia,1999,1,1,198,8,0.3772,2121,17.82,5.29,4.71,1.12,6.96,4.93,1.41,8.87,5.03,1.76
Alina,2013,6,32,657,64,2.0363,3143,55.68,7.99,5.51,1.45,10.82,5.75,1.88,14.23,5.85,2.43
a443,2002,2,2,27,15,7.9787,188,1.58,0.42,1.8,0.23,0.46,1.91,0.24,0.48,1.98,0.24
Zeus,2007,9,249,12934,10534,17.0586,61752,961.37,182.14,18.07,10.08,303.84,18.49,16.43,507.09,18.35,27.63
supervixen,2014,1,1,46,159,30.2857,525,4.41,1.22,2.7,0.45,1.46,2.85,0.51,1.66,2.94,0.56
Chainsaw,2000,2,2,325,331,35.4011,935,8.01,2.24,3.4,0.66,2.78,3.58,0.78,3.32,3.67,0.9
krized,1999,1,1,792,599,42.3921,1413,11.87,3.45,4.0,0.86,4.42,4.21,1.05,5.45,4.3,1.27
Antares,2007,1,2,303,625,18.137,3446,28.96,8.8,5.71,1.54,11.99,5.96,2.01,15.89,6.06,2.62
ordy,2000,1,1,62,14,3.9773,352,2.96,0.8,2.3,0.35,0.93,2.44,0.38,1.03,2.52,0.41
Rudra,2001,1,1,413,149,11.7508,1268,10.66,3.08,3.83,0.8,3.91,4.03,0.97,4.79,4.13,1.16
clt20,2013,4,16,134,520,33.4405,1555,16.62,3.82,4.16,0.92,4.92,4.37,1.13,6.11,4.46,1.37
bullmoose,2009,2,2,2,1,3.5714,28,0.33,0.06,0.86,0.07,0.05,0.88,0.06,0.05,0.96,0.05
lotek,2000,1,1,36,74,57.3643,129,1.08,0.28,1.54,0.18,0.3,1.64,0.18,0.31,1.72,0.18
Gift,1998,1,1,50,31,18.2353,170,1.75,0.37,1.71,0.22,0.41,1.83,0.22,0.43,1.91,0.23
xtail,2008,2,2,103,255,43.2937,589,5.19,1.38,2.83,0.49,1.66,2.99,0.56,1.91,3.08,0.62
h8urnmes,1995,1,1,162,48,10.2784,467,3.92,1.08,2.57,0.42,1.28,2.73,0.47,1.44,2.81,0.51
Kekule,2006,1,1,27,21,21.2121,99,0.83,0.21,1.38,0.15,0.23,1.49,0.15,0.22,1.54,0.14
Energy,2000,1,1,77,124,23.5741,526,4.42,1.22,2.7,0.45,1.46,2.85,0.51,1.67,2.95,0.57
idele,2000,1,1,722,107,11.5926,923,7.76,2.21,3.38,0.65,2.74,3.56,0.77,3.27,3.65,0.9
relock,2007,2,2,164,226,21.7726,1038,10.18,2.5,3.54,0.71,3.13,3.73,0.84,3.76,3.82,0.98
weird,1999,4,20,892,967,29.5448,3273,34.33,8.33,5.59,1.49,11.32,5.85,1.94,14.94,5.94,2.52
pica,2001,1,1,141,82,22.043,372,3.13,0.85,2.35,0.36,0.99,2.49,0.4,1.1,2.58,0.43
Grifin,2002,1,2,927,221,7.7084,2867,24.09,7.25,5.31,1.37,9.76,5.55,1.76,12.74,5.64,2.26
Dexter,2012,6,25,939,382,14.1429,2701,45.42,6.81,5.18,1.31,9.13,5.42,1.68,11.86,5.52,2.15
Tapakan,2001,1,12,76,279,8.6085,3241,27.24,8.25,5.57,1.48,11.2,5.82,1.92,14.76,5.92,2.49
anticaro,1996,1,1,63,168,72.7273,231,1.94,0.52,1.95,0.27,0.58,2.07,0.28,0.62,2.15,0.29
7son4,1994,1,1,53,23,16.1972,142,1.19,0.31,1.6,0.19,0.34,1.71,0.2,0.35,1.79,0.2
7son2,1994,1,1,61,26,17.931,145,1.22,0.32,1.62,0.2,0.35,1.73,0.2,0.35,1.79,0.2
vit,1999,3,10,240,66,3.9711,1662,18.01,4.09,4.27,0.96,5.3,4.48,1.18,6.62,4.58,1.45
Beavis,1993,1,1,112,22,8.9069,247,2.08,0.55,1.99,0.28,0.63,2.13,0.3,0.67,2.2,0.3
TinyBanker,2012,5,89,3021,1420,13.6867,10375,197.33,27.99,8.87,3.16,41.21,9.19,4.48,59.63,9.25,6.45
ExploitKit.Fragus,2009,4,85,1261,766,7.6915,9959,165.24,26.81,8.72,3.07,39.37,9.04,4.36,56.78,9.11,6.23
DBotv3.1,2007,5,33,784,592,14.3794,4117,74.34,10.61,6.13,1.73,14.64,6.4,2.29,19.67,6.49,3.03
purplecat,2008,1,1,52,1,0.4651,215,1.81,0.48,1.89,0.25,0.54,2.02,0.27,0.57,2.09,0.27
m1,1998,1,1,258,15,2.0747,723,6.08,1.71,3.07,0.56,2.09,3.24,0.65,2.44,3.33,0.73
siilov,1999,1,1,104,54,7.2483,745,7.68,1.76,3.1,0.57,2.16,3.27,0.66,2.53,3.36,0.75
zorm,1998,1,1,162,136,23.6934,574,4.82,1.34,2.79,0.48,1.61,2.95,0.55,1.85,3.04,0.61
breathe,2006,1,1,184,9,1.4286,630,5.29,1.48,2.9,0.51,1.79,3.07,0.58,2.07,3.16,0.66
bombast,2011,1,1,0,0,0.0,1,0.02,0.002,0.22,0.01,0.001,0.24,0.01,0.001,0.27,0.0
PlasmaHTTP,2014,3,40,483,285,7.7215,3691,94.88,9.46,5.87,1.61,12.95,6.13,2.11,17.25,6.22,2.77
stutter,2007,2,3,221,122,5.5304,2206,20.6,5.51,4.78,1.15,7.28,5.01,1.45,9.3,5.1,1.82
XTC,2000,1,1,279,209,10.593,1973,16.58,4.9,4.57,1.07,6.42,4.79,1.34,8.14,4.89,1.66
PGPMorf2,1998,3,4,568,128,7.2976,1754,15.22,4.33,4.36,0.99,5.63,4.58,1.23,7.07,4.67,1.51
tirannis,2005,4,7,67,22,4.721,466,4.99,1.08,2.57,0.42,1.28,2.73,0.47,1.44,2.81,0.51
arches,2006,4,11,151,157,9.6914,1620,16.06,3.98,4.23,0.94,5.15,4.44,1.16,6.42,4.53,1.42
brundle,2001,7,20,697,923,21.0059,4394,62.16,11.36,6.29,1.81,15.74,6.56,2.4,21.27,6.65,3.2
kody,1999,1,1,59,128,37.4269,342,3.53,0.78,2.27,0.34,0.9,2.41,0.37,0.99,2.49,0.4
lacrimae30,2008,3,10,151,328,12.5912,2605,28.31,6.56,5.11,1.28,8.77,5.35,1.64,11.36,5.44,2.09
Nicole,2001,1,2,114,55,1.4604,3766,31.65,9.66,5.92,1.63,13.25,6.18,2.14,17.67,6.27,2.82
nuxbee,2002,1,1,108,72,13.8996,518,4.35,1.2,2.68,0.45,1.44,2.84,0.51,1.63,2.92,0.56
Taichi,2002,7,16,819,315,7.4857,4208,37.11,10.85,6.19,1.75,15.0,6.45,2.33,20.19,6.54,3.09
pirus,2000,1,1,1,1,3.7037,27,0.4,0.05,0.8,0.06,0.05,0.88,0.06,0.05,0.96,0.05
Beagle,2004,2,28,1216,488,8.91,5477,46.05,14.31,6.87,2.08,20.15,7.15,2.82,27.7,7.24,3.83
Tinba,2014,4,170,4985,2385,16.4222,14523,230.14,39.84,10.14,3.93,60.07,10.48,5.73,89.28,10.52,8.49
DopeBotv0.22_Crippled,2007,4,78,887,1035,16.2327,6376,121.18,16.79,7.3,2.3,23.89,7.59,3.15,33.25,7.67,4.34
cairuhb,2009,2,9,80,34,0.146,23293,240.58,65.43,12.24,5.35,101.96,12.62,8.08,157.39,12.62,12.47
RedTeam,1997,4,11,168,334,19.2841,1732,19.55,4.27,4.34,0.98,5.55,4.55,1.22,6.96,4.65,1.5
Apocalyptic,1996,1,1,120,90,19.2719,467,3.92,1.08,2.57,0.42,1.28,2.73,0.47,1.44,2.81,0.51
disillu,1994,1,1,78,0,0.0,353,2.97,0.8,2.3,0.35,0.93,2.44,0.38,1.03,2.52,0.41
Blaster,2003,1,1,231,489,77.496,631,12.62,1.48,2.9,0.51,1.79,3.07,0.58,2.07,3.16,0.66
greenpeace,1999,1,1,57,13,1.603,811,6.82,1.93,3.21,0.6,2.37,3.38,0.7,2.8,3.48,0.8
ExploitKit.CrimePack.3.1.3,2011,5,35,22,47,0.553,8499,128.45,22.7,8.19,2.77,32.96,8.5,3.88,46.94,8.57,5.48
OU812,2001,2,3,169,234,23.0997,1013,9.06,2.43,3.5,0.69,3.04,3.69,0.82,3.66,3.79,0.97
rapeme,2006,2,5,153,152,46.7692,325,3.35,0.74,2.23,0.33,0.85,2.36,0.36,0.93,2.44,0.38
fv,2004,3,4,12,3,2.5424,118,1.64,0.25,1.48,0.17,0.27,1.58,0.17,0.28,1.66,0.17
shaitan,1998,1,1,135,105,15.3734,683,5.74,1.61,3.0,0.54,1.96,3.16,0.62,2.28,3.25,0.7
thorin,1999,1,1,1131,1345,25.1826,5341,44.88,13.94,6.8,2.05,19.59,7.08,2.77,26.88,7.17,3.75
rBot0.3.3,2004,3,132,2323,718,5.3217,13492,241.47,36.88,9.85,3.74,55.31,10.18,5.43,81.73,10.23,7.99
ExploitKit.0x88,2014,7,57,1883,226,0.7126,31717,480.34,90.48,13.85,6.53,144.07,14.24,10.12,227.96,14.21,16.04
Anarxy,2001,4,4,1453,221,3.9219,5635,48.07,14.75,6.95,2.12,20.8,7.23,2.88,28.67,7.32,3.92
hasher,2007,2,2,4,4,3.2,125,1.6,0.27,1.52,0.18,0.29,1.62,0.18,0.3,1.7,0.18
Eddie,1989,1,1,86,100,12.0919,827,6.95,1.97,3.23,0.61,2.43,3.41,0.71,2.87,3.5,0.82
Solaris,2002,1,1,286,368,27.8156,1323,11.12,3.22,3.9,0.83,4.1,4.1,1.0,5.04,4.19,1.2
Grum,2008,9,97,1223,722,10.6223,6797,134.84,17.95,7.49,2.4,25.66,7.78,3.3,35.9,7.86,4.57
benny,1999,1,1,125,76,9.5839,793,6.66,1.88,3.18,0.59,2.31,3.35,0.69,2.73,3.45,0.79
fiasko,1999,1,1,144,19,2.8358,670,5.63,1.58,2.97,0.53,1.92,3.14,0.61,2.23,3.23,0.69
ZunkerBot1.4.5,2007,6,39,3454,643,8.5324,7536,138.43,20.01,7.81,2.56,28.81,8.11,3.55,40.63,8.18,4.97
ANIMAL,1975,1,1,2,645,59.2287,1089,9.15,2.62,3.6,0.73,3.3,3.8,0.87,3.99,3.89,1.03
matrix817,2000,1,1,17,19,4.9351,385,3.24,0.88,2.38,0.37,1.03,2.53,0.41,1.15,2.61,0.44
lychan,2007,1,1,52,77,51.3333,150,1.26,0.33,1.64,0.2,0.36,1.75,0.21,0.37,1.82,0.2
ciliophora,2010,2,2,150,66,10.4265,633,5.54,1.48,2.9,0.51,1.8,3.07,0.59,2.08,3.16,0.66
h2t3,2008,4,4,65,9,5.0279,179,1.76,0.39,1.75,0.22,0.44,1.88,0.23,0.46,1.95,0.24
iceheart,1999,1,1,51,7,3.0837,227,1.91,0.51,1.94,0.26,0.57,2.05,0.28,0.61,2.13,0.29
AIDS,1989,1,1,12,15,14.0187,107,1.19,0.23,1.43,0.16,0.25,1.54,0.16,0.25,1.6,0.16
MorrisWorm,1988,3,9,316,295,12.0507,2448,25.76,6.14,4.98,1.23,8.18,5.22,1.57,10.54,5.31,1.98
wormlabs,2010,1,1,28,98,33.1081,296,5.92,0.67,2.15,0.31,0.77,2.28,0.34,0.84,2.36,0.36
mutt,2000,2,2,120,55,4.8458,1135,9.65,2.74,3.67,0.75,3.46,3.86,0.9,4.19,3.95,1.06
w9x-tiny,2000,1,28,1367,419,13.0856,3202,26.91,8.15,5.55,1.47,11.05,5.8,1.91,14.55,5.89,2.47
oldschool,2007,1,1,17,14,10.9375,128,1.08,0.28,1.54,0.18,0.3,1.64,0.18,0.31,1.72,0.18
n-xeram,2004,1,1,98,166,24.9624,665,5.59,1.56,2.96,0.53,1.9,3.13,0.61,2.21,3.22,0.69
BeGemot,1999,1,1,166,214,3.621,5910,49.66,15.5,7.08,2.19,21.94,7.37,2.98,30.35,7.45,4.07
DopeBotv0.22_UnCrippled,2007,4,78,887,1035,16.2327,6376,121.18,16.79,7.3,2.3,23.89,7.59,3.15,33.25,7.67,4.34
woolien,2002,2,2,28,15,15.4639,97,1.0,0.21,1.38,0.15,0.22,1.47,0.15,0.22,1.54,0.14
arian,2006,2,4,32,60,13.4831,445,4.56,1.03,2.53,0.41,1.21,2.67,0.45,1.36,2.76,0.49
esenin,2005,1,2,13,25,0.0187,133397,2667.94,408.9,24.57,16.64,719.92,25.0,28.8,1277.84,24.66,51.82
ls,2000,1,1,174,22,3.3233,662,5.56,1.56,2.96,0.53,1.89,3.12,0.61,2.19,3.21,0.68
clt,2006,3,10,122,327,44.6112,733,7.93,1.73,3.08,0.56,2.12,3.25,0.65,2.48,3.34,0.74
Omoikane,2002,1,2,276,149,8.1243,1834,15.41,4.54,4.44,1.02,5.92,4.66,1.27,7.45,4.75,1.57
biennale,2001,1,1,4,3,7.5,40,1.67,0.08,0.96,0.08,0.08,1.03,0.08,0.08,1.11,0.07
Asexual,1993,1,1,123,103,16.195,636,5.34,1.49,2.91,0.51,1.81,3.08,0.59,2.09,3.17,0.66
X0R-USB,2009,5,13,873,312,5.2926,5895,62.59,15.46,7.08,2.18,21.88,7.36,2.97,30.26,7.44,4.07
Teocatl,1998,1,1,2,1,0.0325,3076,73.24,7.81,5.46,1.43,10.56,5.7,1.85,13.86,5.8,2.39
Sasser,2004,1,3,232,103,10.8535,949,9.78,2.27,3.41,0.67,2.83,3.6,0.79,3.38,3.69,0.92
Hexbot2,2009,3,4,385,42,0.1723,24381,251.8,68.65,12.47,5.51,107.3,12.84,8.36,166.25,12.84,12.95
futhorca,2003,1,1,0,1,8.3333,12,0.19,0.02,0.57,0.04,0.02,0.64,0.03,0.02,0.71,0.03
dido,2001,2,3,48,0,0.0,232,2.1,0.52,1.95,0.27,0.58,2.07,0.28,0.62,2.15,0.29
futhorcb,2003,1,1,0,1,7.6923,13,0.2,0.03,0.66,0.05,0.02,0.64,0.03,0.02,0.71,0.03
mars2,2009,3,4,172,415,17.4884,2373,21.21,5.95,4.92,1.21,7.9,5.15,1.53,10.15,5.25,1.93
Rat,1992,1,1,149,321,70.0873,458,3.85,1.06,2.56,0.41,1.25,2.7,0.46,1.41,2.79,0.51
aguilerab,2002,1,1,0,0,0.0,186,8.86,0.41,1.78,0.23,0.46,1.91,0.24,0.48,1.98,0.24
chaos-ad,1995,1,2,396,84,5.2467,1601,13.45,3.93,4.21,0.93,5.08,4.42,1.15,6.33,4.51,1.4
Anthrax,1990,1,1,23,34,8.6514,393,3.3,0.9,2.4,0.38,1.05,2.54,0.41,1.17,2.63,0.44
analbeeds,2004,2,2,182,319,63.2937,504,4.43,1.17,2.65,0.44,1.39,2.81,0.49,1.58,2.89,0.55
annigilator,2005,2,4,1543,533,21.0256,2535,21.46,6.37,5.05,1.26,8.5,5.29,1.61,10.99,5.38,2.04
Rainbow,2003,1,1,20,0,0.0,108,1.61,0.23,1.43,0.16,0.25,1.54,0.16,0.25,1.6,0.16
NullBot,2006,4,33,535,362,10.4383,3468,64.59,8.86,5.73,1.55,12.08,5.98,2.02,16.01,6.07,2.64
ElkCloner,1982,1,1,0,0,0.0,400,3.36,0.92,2.42,0.38,1.08,2.57,0.42,1.2,2.65,0.45
Cabanas,1997,1,1,373,673,42.1679,1596,13.41,3.92,4.2,0.93,5.06,4.41,1.15,6.31,4.51,1.4
machoman,2006,1,2,70,73,6.3811,1144,9.61,2.76,3.68,0.75,3.49,3.87,0.9,4.23,3.97,1.07
Gripb,2005,3,17,168,246,18.9815,1296,12.31,3.15,3.87,0.81,4.01,4.06,0.99,4.91,4.16,1.18
Zelda,2000,2,2,62,41,9.1723,447,6.58,1.03,2.53,0.41,1.22,2.68,0.46,1.37,2.76,0.5
XtremeRAT,2009,5,689,64206,111948,24.6926,453367,5036.25,1477.35,40.03,36.91,2833.64,40.39,70.16,5546.8,39.45,140.6
halen,2001,1,1,46,94,11.4495,821,6.9,1.95,3.22,0.61,2.41,3.4,0.71,2.84,3.49,0.81
golem,2009,1,1,36,11,2.3454,469,3.94,1.08,2.57,0.42,1.28,2.73,0.47,1.45,2.82,0.51
Andromeda,2014,2,13,49,1,0.3086,324,4.87,0.73,2.22,0.33,0.85,2.36,0.36,0.93,2.44,0.38
adhocb,2003,3,7,45,40,13.8408,289,4.14,0.65,2.12,0.31,0.75,2.26,0.33,0.81,2.34,0.35
adhoca,2003,2,2,29,11,6.3584,173,2.16,0.38,1.73,0.22,0.42,1.85,0.23,0.44,1.92,0.23
blacky,2005,3,4,205,98,6.2942,1557,15.17,3.82,4.16,0.92,4.93,4.37,1.13,6.12,4.46,1.37
iamsick,2004,1,1,27,22,18.0328,122,1.26,0.26,1.5,0.17,0.28,1.6,0.18,0.29,1.68,0.17
ehomer,1994,1,1,24,30,33.7079,89,0.75,0.19,1.33,0.14,0.2,1.42,0.14,0.2,1.49,0.13
Nemesi,1999,1,1,442,102,14.8905,685,5.76,1.61,3.0,0.54,1.96,3.16,0.62,2.29,3.26,0.7
carcass,1999,1,1,353,51,8.0569,633,5.32,1.48,2.9,0.51,1.8,3.07,0.59,2.08,3.16,0.66
boobs,1997,1,1,458,48,4.4444,1080,9.08,2.6,3.59,0.72,3.27,3.78,0.87,3.95,3.88,1.02
Macbet,2006,2,2,27,25,8.7719,285,3.24,0.64,2.11,0.3,0.74,2.25,0.33,0.8,2.33,0.34
CSV,1997,4,14,280,163,11.6097,1404,15.38,3.43,3.99,0.86,4.39,4.2,1.05,5.41,4.29,1.26
dammit,2000,2,2,137,36,6.679,539,4.77,1.25,2.72,0.46,1.5,2.88,0.52,1.71,2.97,0.58
z0mbie6b,2000,4,6,125,31,4.4928,690,9.53,1.63,3.01,0.54,1.98,3.18,0.62,2.31,3.27,0.71
z0mbie6a,2000,3,4,27,8,8.6957,92,1.45,0.2,1.36,0.15,0.21,1.45,0.14,0.21,1.52,0.14
Carberp,2010,4,87,6550,10974,40.1993,27299,501.76,77.3,13.05,5.92,121.79,13.42,9.08,190.41,13.41,14.2
avpaids,1996,1,1,27,84,38.8889,216,1.82,0.48,1.89,0.25,0.54,2.02,0.27,0.57,2.09,0.27
resvir1,1993,1,1,1,11,7.0513,156,1.31,0.34,1.66,0.2,0.37,1.77,0.21,0.39,1.85,0.21
hooy,2000,3,3,64,14,4.4025,318,3.11,0.72,2.21,0.33,0.83,2.34,0.35,0.91,2.43,0.37
Mydoom,2004,5,27,572,132,4.0268,3278,36.02,8.35,5.6,1.49,11.34,5.85,1.94,14.96,5.94,2.52
Ch0lera,1998,2,2,267,164,7.1898,2281,23.52,5.7,4.84,1.18,7.55,5.07,1.49,9.68,5.17,1.87
ExploitKit.Sakura,2012,2,17,236,17,0.8647,1966,30.5,4.88,4.57,1.07,6.4,4.79,1.34,8.1,4.88,1.66
cris,2006,2,2,10,8,11.4286,70,0.86,0.15,1.22,0.12,0.15,1.29,0.12,0.15,1.36,0.11
Diamond,1990,1,1,2,22,4.3137,510,4.29,1.18,2.66,0.44,1.41,2.82,0.5,1.6,2.91,0.55
2fu,2005,1,1,35,23,21.1009,109,0.92,0.23,1.43,0.16,0.25,1.54,0.16,0.25,1.6,0.16
littlepain,2000,3,6,60,39,13.0,300,3.11,0.68,2.16,0.31,0.78,2.29,0.34,0.85,2.37,0.36
hllexmpl,2000,1,2,186,2,0.2857,700,7.78,1.65,3.02,0.55,2.01,3.19,0.63,2.35,3.29,0.71
metaphor1d,2004,1,1,1174,2437,18.3703,13266,111.48,36.23,9.78,3.7,54.27,10.12,5.36,80.09,10.16,7.88
spein,2005,1,2,145,23,3.4586,665,5.59,1.56,2.96,0.53,1.9,3.13,0.61,2.21,3.22,0.69
Galicia,1996,1,1,4,23,121.0526,19,0.45,0.04,0.74,0.05,0.04,0.81,0.05,0.03,0.81,0.04
Spieluhr,2005,1,4,70,113,39.3728,287,3.19,0.65,2.12,0.31,0.74,2.25,0.33,0.8,2.33,0.34
harulf,2007,1,1,259,46,3.7612,1223,10.28,2.96,3.78,0.78,3.76,3.97,0.95,4.58,4.07,1.13
yildiz,2000,1,1,89,39,18.75,208,1.75,0.46,1.86,0.25,0.52,1.99,0.26,0.55,2.06,0.27
juli,2010,1,1,24,30,10.8303,277,2.33,0.62,2.08,0.3,0.71,2.22,0.32,0.77,2.3,0.33
trivial_1,2001,1,1,10,3,17.6471,17,0.19,0.03,0.66,0.05,0.03,0.73,0.04,0.03,0.81,0.04
regswap,1999,2,2,36,68,9.4053,723,6.19,1.71,3.07,0.56,2.09,3.24,0.65,2.44,3.33,0.73
binom,2004,1,1,262,207,41.3174,501,4.21,1.16,2.65,0.44,1.38,2.8,0.49,1.57,2.89,0.54
OmegaRat,2014,1,43,1233,9474,139.0781,6812,162.19,17.99,7.5,2.4,25.73,7.79,3.3,35.99,7.87,4.57
Mworm,2001,4,15,538,220,9.0834,2422,25.36,6.08,4.96,1.23,8.08,5.19,1.56,10.41,5.29,1.97
Dichotomy,1994,1,1,25,18,6.0811,296,2.49,0.67,2.15,0.31,0.77,2.28,0.34,0.84,2.36,0.36
netsky_ae,2004,3,18,720,146,5.8237,2507,54.04,6.3,5.03,1.25,8.4,5.27,1.59,10.85,5.36,2.02
blackbat,1999,1,1,168,879,98.8751,889,7.47,2.12,3.33,0.64,2.63,3.51,0.75,3.13,3.6,0.87
Tahorg,2003,2,11,114,88,10.6667,825,8.07,1.96,3.23,0.61,2.42,3.41,0.71,2.86,3.5,0.82
nihilit,2003,1,1,27,24,6.8182,352,8.38,0.8,2.3,0.35,0.93,2.44,0.38,1.03,2.52,0.41
lucius,2007,1,1,224,27,3.6048,749,6.29,1.77,3.11,0.57,2.17,3.28,0.66,2.54,3.37,0.75
Seraph,2003,1,1,330,497,24.5796,2022,16.99,5.03,4.62,1.09,6.6,4.84,1.36,8.38,4.94,1.7
Kroshkaenot,2005,2,18,177,672,23.7708,2827,23.91,7.15,5.28,1.35,9.61,5.52,1.74,12.53,5.61,2.23
Bluelightening,1995,3,5,119,120,15.4839,775,6.8,1.84,3.15,0.58,2.25,3.32,0.68,2.65,3.41,0.78
Fabi2,1999,2,2,76,15,1.127,1331,12.99,3.24,3.91,0.83,4.13,4.11,1.0,5.07,4.2,1.21
Numberone,1987,1,1,12,31,39.2405,79,0.88,0.17,1.28,0.13,0.17,1.34,0.13,0.17,1.42,0.12
Vampiro,2002,1,1,355,255,7.4279,3433,28.85,8.76,5.7,1.54,11.94,5.96,2.0,15.82,6.05,2.61
reise,2009,1,1,19,23,11.165,206,1.73,0.46,1.86,0.25,0.51,1.98,0.26,0.54,2.05,0.26
ExploitKit.Phoenix.2.5,2011,2,28,492,75,3.1632,2371,36.13,5.94,4.92,1.21,7.89,5.15,1.53,10.14,5.25,1.93
loki,2006,1,1,67,101,24.7549,408,7.56,0.94,2.44,0.39,1.1,2.58,0.43,1.23,2.67,0.46
DW,2002,3,36,1220,490,11.3007,4336,37.19,11.2,6.26,1.79,15.51,6.53,2.38,20.93,6.62,3.16
totaltrash,1996,2,2,473,335,32.2736,1038,10.38,2.5,3.54,0.71,3.13,3.73,0.84,3.76,3.82,0.98
hushabye,2007,3,3,58,10,2.1053,475,4.14,1.1,2.59,0.42,1.3,2.74,0.47,1.47,2.83,0.52
BatzBack,2008,1,1,46,28,0.9056,3092,31.88,7.85,5.47,1.44,10.62,5.72,1.86,13.95,5.81,2.4
gripa,2005,3,8,100,26,4.8964,531,4.88,1.23,2.7,0.46,1.48,2.87,0.52,1.68,2.95,0.57
W2KInstaller,2000,1,1,63,581,99.6569,583,4.9,1.36,2.81,0.48,1.64,2.97,0.55,1.88,3.06,0.61
Thunderbyte,1992,1,1,29,7,1.2281,570,4.79,1.33,2.79,0.48,1.6,2.95,0.54,1.83,3.03,0.6
atix,2010,2,14,916,2369,53.1166,4460,37.79,11.53,6.33,1.82,16.01,6.6,2.43,21.65,6.69,3.24
Digitisedparasite,1994,1,1,141,66,15.3488,430,3.61,0.99,2.49,0.4,1.17,2.64,0.44,1.31,2.73,0.48
etymo-crypt,2000,1,1,148,60,11.976,501,4.21,1.16,2.65,0.44,1.38,2.8,0.49,1.57,2.89,0.54
herderv,2004,1,1,138,94,26.257,358,3.01,0.82,2.32,0.35,0.95,2.46,0.39,1.05,2.54,0.41
probeb,2001,1,1,19,49,31.0127,158,1.63,0.35,1.68,0.21,0.38,1.78,0.21,0.39,1.85,0.21
charm,2006,3,3,97,69,9.7046,711,7.74,1.68,3.04,0.55,2.05,3.21,0.64,2.39,3.3,0.72
examplo_lde,2001,2,2,162,116,28.9277,401,3.53,0.92,2.42,0.38,1.08,2.57,0.42,1.2,2.65,0.45
vlpi,1997,2,5,104,114,24.7289,461,4.76,1.06,2.56,0.41,1.26,2.71,0.46,1.42,2.8,0.51
dob,2001,1,1,147,26,2.9246,889,7.47,2.12,3.33,0.64,2.63,3.51,0.75,3.13,3.6,0.87
prometheus,2006,1,1,85,64,22.7758,281,2.36,0.63,2.1,0.3,0.72,2.23,0.32,0.78,2.31,0.34
elysium,2004,1,1,10,32,21.3333,150,3.57,0.33,1.64,0.2,0.36,1.75,0.21,0.37,1.82,0.2
voodoo,1999,1,1,11,39,5.0914,766,6.44,1.81,3.13,0.58,2.23,3.31,0.67,2.61,3.4,0.77
Jollyroger,2004,5,26,1374,1067,14.0081,7617,73.47,20.23,7.84,2.58,29.16,8.14,3.58,41.16,8.21,5.01
z0mbie10,2001,3,8,206,56,5.9322,944,9.51,2.26,3.41,0.66,2.81,3.59,0.78,3.36,3.68,0.91
probe,2001,1,1,11,44,30.3448,145,1.49,0.32,1.62,0.2,0.35,1.73,0.2,0.35,1.79,0.2
zhengxi,1995,3,17,558,711,18.6321,3816,33.54,9.79,5.95,1.65,13.44,6.21,2.16,17.96,6.3,2.85
anthrax_iac,2008,1,1,164,79,11.1425,709,5.96,1.67,3.04,0.55,2.04,3.21,0.64,2.38,3.3,0.72
DopeBot.B,2004,6,69,808,1460,28.2836,5162,92.89,13.45,6.71,2.0,18.86,6.99,2.7,25.8,7.07,3.65
GhostRAT,2007,8,201,7183,10016,30.196,33170,598.67,94.84,14.1,6.73,151.48,14.49,10.45,240.55,14.45,16.65
DopeBot.A,2004,6,69,808,1460,28.2836,5162,92.89,13.45,6.71,2.0,18.86,6.99,2.7,25.8,7.07,3.65
merlin,2000,1,1,69,3,0.1882,1594,17.71,3.92,4.2,0.93,5.06,4.41,1.15,6.3,4.51,1.4
simpleepo,2006,2,3,99,30,3.3259,902,17.85,2.15,3.34,0.64,2.67,3.53,0.76,3.18,3.62,0.88
dlhello,2003,1,1,12,0,0.0,41,0.98,0.08,0.96,0.08,0.08,1.03,0.08,0.08,1.11,0.07
Caribe,2004,3,16,391,129,15.3025,843,14.64,2.01,3.26,0.62,2.48,3.44,0.72,2.93,3.53,0.83
hiv,2000,1,1,347,131,5.7006,2298,19.31,5.75,4.86,1.18,7.62,5.09,1.5,9.77,5.18,1.89
ismiddle,2000,1,1,23,9,7.3171,123,1.03,0.27,1.52,0.18,0.29,1.62,0.18,0.29,1.68,0.17
Virus11,1986,1,1,17,135,66.8317,202,1.7,0.45,1.85,0.24,0.5,1.96,0.26,0.53,2.04,0.26
siamexe,2004,1,1,65,49,17.8182,275,2.31,0.62,2.08,0.3,0.71,2.22,0.32,0.76,2.29,0.33
PC-RAT,2011,3,26,1065,708,10.3192,6861,137.36,18.13,7.52,2.41,25.93,7.81,3.32,36.31,7.89,4.6
Mirai,2016,4,52,1532,289,3.165,9131,129.86,24.48,8.43,2.9,35.72,8.74,4.09,51.16,8.81,5.81
firstborn,2002,1,1,79,71,18.2051,390,3.28,0.89,2.39,0.37,1.04,2.53,0.41,1.16,2.62,0.44
cih14,1998,1,1,358,550,88.0,625,5.25,1.47,2.89,0.51,1.77,3.05,0.58,2.05,3.15,0.65
cih15,1998,1,1,231,546,89.5082,610,5.13,1.43,2.86,0.5,1.72,3.02,0.57,1.99,3.12,0.64
cih12,1998,1,1,351,517,84.4771,612,5.14,1.43,2.86,0.5,1.73,3.03,0.57,2.0,3.12,0.64
cih13,1998,1,1,352,525,85.6444,613,5.15,1.44,2.87,0.5,1.73,3.03,0.57,2.0,3.12,0.64
hunatchab,2010,1,1,23,38,13.7184,277,2.86,0.62,2.08,0.3,0.71,2.22,0.32,0.77,2.3,0.33
leviathan,1999,1,1,136,195,19.8777,981,8.24,2.35,3.46,0.68,2.94,3.65,0.81,3.52,3.74,0.94
Jupiter,1996,1,1,37,36,21.8182,165,1.39,0.36,1.7,0.21,0.4,1.81,0.22,0.41,1.88,0.22
Anaphylaxis,1998,1,1,185,218,23.2657,937,7.87,2.24,3.4,0.66,2.79,3.58,0.78,3.33,3.67,0.91
hiewg,2009,2,2,116,116,17.0588,680,7.11,1.6,2.99,0.54,1.95,3.16,0.62,2.27,3.25,0.7
spork,2002,1,2,126,108,15.6522,690,5.8,1.63,3.01,0.54,1.98,3.18,0.62,2.31,3.27,0.71
legacy,1999,1,1,919,855,21.9118,3902,32.79,10.02,6.0,1.67,13.78,6.26,2.2,18.44,6.35,2.9
YLANG,1999,1,1,482,130,32.7456,397,3.34,0.91,2.41,0.38,1.07,2.56,0.42,1.19,2.64,0.45
Staog,1996,1,1,92,0,0.0,754,6.34,1.78,3.11,0.57,2.19,3.29,0.67,2.57,3.38,0.76
Pony2,2013,10,198,13279,14056,15.6599,89758,1239.64,269.74,20.97,12.86,461.92,21.41,21.57,794.31,21.18,37.5
Babylon,1999,1,5,213,95,3.2468,2926,24.59,7.41,5.35,1.39,9.99,5.59,1.79,13.06,5.69,2.3
SpyNet,2014,5,324,29409,32140,17.8872,179682,2028.08,559.04,27.67,20.2,1005.0,28.1,35.77,1826.87,27.65,66.07
seiryo,2002,1,1,104,119,15.8035,753,6.33,1.78,3.11,0.57,2.18,3.28,0.66,2.56,3.38,0.76
PieceByPiece,2002,1,1,110,71,10.2011,696,7.18,1.64,3.02,0.54,2.0,3.19,0.63,2.33,3.28,0.71
boundary,2006,2,2,267,205,13.8795,1477,14.03,3.61,4.07,0.89,4.64,4.28,1.08,5.75,4.38,1.31
tp_com,1997,3,4,73,0,0.0,268,3.05,0.6,2.06,0.29,0.69,2.2,0.31,0.74,2.27,0.33
LoexBot1.3,2008,5,104,2119,1225,10.6208,11534,216.14,31.28,9.25,3.38,46.4,9.58,4.84,67.71,9.63,7.03
WrathRage,2005,5,9,1467,340,5.9285,5735,74.86,15.02,7.0,2.15,21.22,7.28,2.91,29.28,7.37,3.97
CyberBotv2.2,2006,3,77,1526,401,5.0144,7997,147.85,21.3,7.99,2.67,30.79,8.3,3.71,43.63,8.37,5.21
cjdisease,2003,1,1,1124,123,1.1331,10855,91.22,29.35,9.03,3.25,43.35,9.35,4.64,62.96,9.41,6.69
Dokan,2008,7,51,3193,1419,17.2439,8229,85.28,21.94,8.08,2.72,31.79,8.39,3.79,45.16,8.46,5.34
ACME,1992,1,1,60,53,29.1209,182,1.53,0.4,1.76,0.23,0.45,1.89,0.24,0.47,1.96,0.24
Rubilyn,2014,2,3,108,161,16.4454,979,10.1,2.35,3.46,0.68,2.93,3.64,0.8,3.51,3.74,0.94
tlb,2000,2,7,105,128,21.8803,585,6.03,1.37,2.82,0.49,1.65,2.98,0.55,1.89,3.06,0.62
Gemini,2002,2,3,226,266,19.2754,1380,12.15,3.37,3.97,0.85,4.3,4.17,1.03,5.3,4.26,1.24
Efishnc,2002,2,3,408,364,14.8269,2455,21.18,6.16,4.99,1.23,8.2,5.22,1.57,10.58,5.32,1.99
csmall,2003,3,5,34,14,5.7851,242,3.02,0.54,1.98,0.27,0.61,2.1,0.29,0.66,2.19,0.3
delirium,2002,1,1,48,50,46.2963,108,0.91,0.23,1.43,0.16,0.25,1.54,0.16,0.25,1.6,0.16
DarkApocalypse,1993,1,1,161,19,5.0,380,3.19,0.87,2.37,0.37,1.02,2.52,0.4,1.13,2.6,0.43
z0mbie10c,2001,5,22,563,187,5.929,3154,47.47,8.02,5.51,1.46,10.86,5.76,1.89,14.29,5.86,2.44
z0mbie10b,2001,3,4,148,69,10.9177,632,6.27,1.48,2.9,0.51,1.79,3.07,0.58,2.08,3.16,0.66
skipo,2009,3,9,330,1548,14.4713,10697,91.16,28.9,8.98,3.22,42.65,9.3,4.59,61.86,9.36,6.61
leon,2007,3,12,360,355,15.3813,2308,21.47,5.78,4.87,1.19,7.66,5.1,1.5,9.82,5.19,1.89
z0mbie10d,2001,6,29,687,230,5.8169,3954,59.18,10.16,6.03,1.68,13.99,6.29,2.22,18.74,6.39,2.93
Win32.MiniPig,2006,2,2,45,65,31.5534,206,2.08,0.46,1.86,0.25,0.51,1.98,0.26,0.54,2.05,0.26
Batvir,1994,1,1,44,12,6.6298,181,1.52,0.4,1.76,0.23,0.44,1.88,0.23,0.46,1.95,0.24
lildevil,2002,1,1,209,265,20.7031,1280,10.76,3.11,3.85,0.81,3.96,4.05,0.98,4.84,4.14,1.17
Win32.Remhead,2014,3,73,2499,7572,78.6783,9624,100.31,25.87,8.61,3.0,37.89,8.92,4.25,54.49,8.99,6.06
Rushrour,1986,1,1,34,54,26.2136,206,1.73,0.46,1.86,0.25,0.51,1.98,0.26,0.54,2.05,0.26
retv,2008,1,1,78,29,10.9848,264,2.22,0.59,2.05,0.29,0.68,2.18,0.31,0.73,2.26,0.32
retal10,2014,2,3,733,882,8.7919,10032,100.65,27.02,8.75,3.09,39.69,9.07,4.38,57.28,9.13,6.27
Rinim,1999,1,1,36,53,33.5443,158,1.33,0.35,1.68,0.21,0.38,1.78,0.21,0.39,1.85,0.21
elsa,2000,1,1,90,29,5.3211,545,4.58,1.27,2.74,0.46,1.52,2.89,0.53,1.74,2.98,0.58
Assiral,2005,1,1,38,1,0.2101,476,9.52,1.1,2.59,0.42,1.31,2.75,0.48,1.48,2.83,0.52
acurev,1998,1,1,30,26,23.8532,109,0.92,0.23,1.43,0.16,0.25,1.54,0.16,0.25,1.6,0.16
Blackhand,2005,1,9,305,528,24.9763,2114,17.76,5.27,4.7,1.12,6.94,4.93,1.41,8.84,5.02,1.76
Harrier,1997,1,1,254,171,5.1429,3325,27.94,8.47,5.63,1.5,11.52,5.88,1.96,15.22,5.97,2.55
v0lk,2005,5,52,1366,1570,25.9461,6051,115.99,15.89,7.15,2.22,22.53,7.44,3.03,31.22,7.52,4.15
pgpmorf1,1998,2,2,470,96,6.3283,1517,12.75,3.72,4.12,0.9,4.78,4.32,1.11,5.94,4.42,1.34
trick,1997,1,1,18,14,6.278,223,1.87,0.5,1.92,0.26,0.56,2.04,0.27,0.59,2.11,0.28
Junkmail,2002,1,3,547,524,15.4527,3391,28.5,8.65,5.68,1.52,11.78,5.93,1.99,15.58,6.02,2.59
Mimail,2003,2,10,382,230,15.7642,1459,15.34,3.57,4.05,0.88,4.58,4.26,1.08,5.66,4.35,1.3
ExploitKit.RIG,2014,7,838,37507,30318,15.0321,201689,4761.85,631.14,28.97,21.79,1143.84,29.4,38.91,2098.56,28.9,72.61
Shrug,2004,2,6,344,404,20.2709,1993,17.84,4.95,4.59,1.08,6.49,4.81,1.35,8.24,4.91,1.68
Demonhyak,1991,1,1,12,10,9.8039,102,0.86,0.22,1.41,0.16,0.23,1.49,0.15,0.23,1.56,0.15
rit,2008,1,1,108,34,7.4561,456,3.83,1.05,2.55,0.41,1.24,2.7,0.46,1.4,2.78,0.5
fosforo,1999,1,1,1,457,35.5089,1287,10.82,3.13,3.86,0.81,3.98,4.05,0.98,4.87,4.15,1.17
balrog,2004,1,1,116,142,27.6265,514,4.32,1.19,2.67,0.45,1.42,2.83,0.5,1.62,2.92,0.55
Rovnix,2014,11,276,15275,24287,24.3069,99918,1277.16,301.88,21.89,13.79,520.86,22.33,23.33,903.39,22.07,40.93
ExploitKit.Sava,2011,4,56,183,143,12.9178,1107,24.32,2.67,3.63,0.74,3.36,3.82,0.88,4.07,3.92,1.04
Friendly,2005,1,2,55,28,3.5176,796,6.69,1.89,3.18,0.59,2.32,3.36,0.69,2.74,3.45,0.79
Athena,2015,6,103,2832,2238,17.1429,13055,252.18,35.63,9.72,3.67,53.31,10.05,5.3,78.57,10.1,7.78
tristesse,2004,1,1,196,122,21.5168,567,4.76,1.32,2.78,0.47,1.59,2.94,0.54,1.82,3.03,0.6
hunatcha,2010,1,1,13,13,9.4891,137,1.41,0.3,1.58,0.19,0.32,1.68,0.19,0.33,1.75,0.19
branko,2010,1,1,17,53,27.0408,196,2.02,0.43,1.81,0.24,0.48,1.93,0.25,0.51,2.02,0.25
inca,1998,1,1,137,192,7.3846,2600,21.85,6.55,5.11,1.28,8.75,5.34,1.64,11.33,5.44,2.08
Ston,2006,1,1,43,20,10.989,182,1.53,0.4,1.76,0.23,0.45,1.89,0.24,0.47,1.96,0.24
android,1997,1,4,48,110,14.9457,736,6.18,1.74,3.09,0.56,2.13,3.26,0.65,2.49,3.35,0.74
AryanRAT,2010,3,17,1957,1307,11.0082,11873,236.64,32.25,9.36,3.45,47.93,9.69,4.95,70.11,9.74,7.2
h2t3_bf,2008,4,4,63,9,5.0562,178,1.75,0.39,1.75,0.22,0.43,1.86,0.23,0.45,1.94,0.23
palmas,2003,1,1,0,0,0.0,276,13.14,0.62,2.08,0.3,0.71,2.22,0.32,0.77,2.3,0.33
nomov,1999,1,1,60,1,0.4049,247,2.08,0.55,1.99,0.28,0.63,2.13,0.3,0.67,2.2,0.3
ShadowBotv3,2007,3,10,257,49,1.8934,2588,48.47,6.51,5.09,1.28,8.7,5.33,1.63,11.27,5.43,2.08
Androrat,2012,2,111,2495,935,8.7098,10735,204.62,29.01,8.99,3.23,42.82,9.31,4.6,62.12,9.37,6.63
infinite,2000,2,2,176,180,26.9461,668,5.76,1.57,2.97,0.53,1.91,3.14,0.61,2.22,3.23,0.69
Dream,2000,1,1,62,226,14.5244,1556,13.08,3.82,4.16,0.92,4.92,4.37,1.13,6.12,4.46,1.37
ikee,2009,1,1,32,59,17.6119,335,3.45,0.76,2.25,0.34,0.88,2.39,0.37,0.97,2.48,0.39
IISWorm,1999,1,1,33,20,10.6952,187,1.93,0.41,1.78,0.23,0.46,1.91,0.24,0.48,1.98,0.24
crossinfector,2005,1,1,7,2,7.4074,27,1.29,0.05,0.8,0.06,0.05,0.88,0.06,0.05,0.96,0.05
Bluenine,1994,1,1,96,18,3.8961,462,3.88,1.07,2.57,0.42,1.26,2.71,0.46,1.43,2.8,0.51
orochi,2000,1,1,1792,293,20.5614,1425,11.97,3.48,4.02,0.87,4.46,4.22,1.06,5.51,4.32,1.28
808,1991,1,1,72,10,4.4248,226,1.9,0.5,1.92,0.26,0.57,2.05,0.28,0.6,2.12,0.28
BshadesFusion,2012,2,17,439,129,5.7951,2226,49.68,5.56,4.8,1.16,7.35,5.03,1.46,9.4,5.12,1.84
LiquidBot,2005,3,90,1839,726,6.7774,10712,189.67,28.95,8.98,3.22,42.71,9.3,4.59,61.97,9.36,6.62
gildo,2004,1,1,87,98,16.8096,583,4.9,1.36,2.81,0.48,1.64,2.97,0.55,1.88,3.06,0.61
nemox,2004,1,1,121,162,50.9434,318,2.67,0.72,2.21,0.33,0.83,2.34,0.35,0.91,2.43,0.37
atomic,1994,1,1,57,6,3.0928,194,1.63,0.43,1.81,0.24,0.48,1.93,0.25,0.5,2.0,0.25
anunnaki,2009,2,4,525,122,5.9137,2063,22.4,5.13,4.65,1.1,6.75,4.88,1.38,8.58,4.97,1.73
Eternity,2005,1,1,189,474,137.7907,344,2.89,0.78,2.27,0.34,0.91,2.42,0.38,1.0,2.5,0.4
manpage,1999,1,1,27,15,14.5631,103,1.06,0.22,1.41,0.16,0.24,1.52,0.16,0.24,1.58,0.15
perseid,2009,1,1,26,12,5.7143,210,1.76,0.47,1.88,0.25,0.52,1.99,0.26,0.55,2.06,0.27
V6000,1997,1,1,149,113,3.8124,2964,24.91,7.51,5.38,1.4,10.13,5.62,1.8,13.26,5.72,2.32
caline,2004,2,5,137,162,54.5455,297,3.07,0.67,2.15,0.31,0.77,2.28,0.34,0.84,2.36,0.36
Zemra,2011,6,40,435,58,1.5291,3793,71.88,9.73,5.94,1.64,13.35,6.19,2.16,17.83,6.29,2.83
segax,2000,2,2,57,6,1.7751,338,3.15,0.77,2.26,0.34,0.89,2.4,0.37,0.98,2.48,0.4
joss,2002,3,3,70,5,1.3158,380,4.03,0.87,2.37,0.37,1.02,2.52,0.4,1.13,2.6,0.43
easter,1998,1,1,18,12,11.1111,108,0.91,0.23,1.43,0.16,0.25,1.54,0.16,0.25,1.6,0.16
tunderbyte,1992,1,1,29,7,1.2281,570,4.79,1.33,2.79,0.48,1.6,2.95,0.54,1.83,3.03,0.6
Netsky,2004,3,18,720,146,5.8237,2507,54.04,6.3,5.03,1.25,8.4,5.27,1.59,10.85,5.36,2.02
zhello,1998,1,1,245,12,1.3605,882,7.41,2.1,3.31,0.63,2.61,3.5,0.75,3.1,3.59,0.86
Examplo,2000,2,3,152,93,18.7123,497,4.37,1.15,2.64,0.44,1.37,2.79,0.49,1.56,2.88,0.54
SharpBot,2013,3,4,47,49,1.3454,3642,103.37,9.32,5.84,1.6,12.76,6.1,2.09,16.98,6.19,2.74
Marburg,1998,1,1,853,703,34.3765,2045,17.18,5.09,4.64,1.1,6.68,4.86,1.37,8.49,4.96,1.71
amon,2004,1,1,116,138,35.1145,393,3.3,0.9,2.4,0.38,1.05,2.54,0.41,1.17,2.63,0.44
EngRat.0.1.0,2015,3,56,473,1081,11.034,9797,243.97,26.35,8.67,3.04,38.65,8.98,4.3,55.67,9.05,6.15
Tuareg,2000,1,1,467,1298,21.9776,5906,49.63,15.49,7.08,2.19,21.93,7.37,2.98,30.33,7.45,4.07
ExploitKit.BleedingLife.2,2010,3,34,292,87,2.2143,3929,65.22,10.1,6.02,1.68,13.89,6.28,2.21,18.6,6.37,2.92
Ketamine,2001,1,1,85,4,0.8734,458,3.85,1.06,2.56,0.41,1.25,2.7,0.46,1.41,2.79,0.51
MyDoom.A,2004,6,28,575,132,4.0049,3296,36.16,8.4,5.61,1.5,11.41,5.86,1.95,15.06,5.95,2.53
carume,2006,1,1,87,48,19.5122,246,2.07,0.55,1.99,0.28,0.62,2.11,0.29,0.67,2.2,0.3
creed,1999,1,1,85,0,0.0,254,2.13,0.57,2.02,0.28,0.65,2.15,0.3,0.7,2.23,0.31
Mars,1996,1,1,69,41,7.7505,529,4.45,1.23,2.7,0.46,1.47,2.86,0.51,1.68,2.95,0.57
4096,2003,1,1,88,108,45.0,240,2.02,0.54,1.98,0.27,0.61,2.1,0.29,0.65,2.18,0.3
Prizzy,1999,1,1,903,976,23.4221,4167,35.02,10.74,6.16,1.74,14.84,6.43,2.31,19.96,6.52,3.06
SpazBot2.12,2007,3,34,1804,1535,18.0291,8514,202.44,22.74,8.19,2.78,33.03,8.5,3.89,47.04,8.57,5.49
Gurdof,2006,1,1,21,68,80.0,85,0.94,0.18,1.3,0.14,0.19,1.4,0.14,0.19,1.47,0.13
ILOVEYOU,2000,1,1,11,0,0.0,197,4.69,0.44,1.83,0.24,0.49,1.95,0.25,0.51,2.02,0.25
paradoxon,2004,1,1,0,1,4.0,25,1.04,0.05,0.8,0.06,0.05,0.88,0.06,0.04,0.89,0.04
Pilif,2004,4,40,769,678,7.8746,8610,235.51,23.01,8.23,2.8,33.44,8.54,3.92,47.68,8.61,5.54
Troodon,2000,3,6,922,276,1.8739,14729,124.64,40.44,10.2,3.96,61.02,10.54,5.79,90.81,10.58,8.58
norther,2004,1,1,158,182,8.75,2080,17.48,5.18,4.67,1.11,6.81,4.89,1.39,8.67,4.99,1.74
gaara,2007,1,1,98,301,149.0099,202,1.7,0.45,1.85,0.24,0.5,1.96,0.26,0.53,2.04,0.26
santy,2004,1,1,63,1,0.6329,158,7.52,0.35,1.68,0.21,0.38,1.78,0.21,0.39,1.85,0.21
zymosis,2007,1,7,435,420,26.1519,1606,13.5,3.95,4.21,0.94,5.1,4.42,1.15,6.36,4.52,1.41
RCE285,1995,1,1,7,165,75.3425,219,1.84,0.49,1.91,0.26,0.55,2.03,0.27,0.58,2.1,0.28
silvio,1999,1,1,35,29,18.125,160,1.65,0.35,1.68,0.21,0.39,1.8,0.22,0.4,1.86,0.22
clibo,2010,1,1,5,7,9.8592,71,0.73,0.15,1.22,0.12,0.16,1.32,0.12,0.15,1.36,0.11
valium,2005,1,1,58,133,25.0943,530,12.62,1.23,2.7,0.46,1.47,2.86,0.51,1.68,2.95,0.57
Bvs,1987,1,1,0,0,0.0,81,1.93,0.17,1.28,0.13,0.18,1.37,0.13,0.18,1.44,0.13
califax,1998,2,7,61,69,8.6575,797,9.15,1.89,3.18,0.59,2.33,3.36,0.69,2.74,3.45,0.79
egalite,2005,2,2,4,1,0.3279,305,2.76,0.69,2.17,0.32,0.79,2.3,0.34,0.87,2.39,0.36
Mazar,2016,7,105,3691,1647,8.0428,20478,575.35,57.16,11.63,4.91,88.26,11.99,7.36,134.85,12.01,11.23
Demiurg,1999,1,1,397,434,15.4889,2802,23.55,7.08,5.26,1.35,9.51,5.5,1.73,12.4,5.6,2.21
RousSarcoma,1999,1,1,366,286,24.7191,1157,9.72,2.8,3.7,0.76,3.53,3.89,0.91,4.29,3.98,1.08
Ramlide,2002,1,1,181,18,2.8169,639,5.37,1.5,2.92,0.51,1.82,3.08,0.59,2.1,3.17,0.66
Beetle,2013,3,17,408,285,4.1642,6844,99.67,18.08,7.51,2.41,25.86,7.8,3.32,36.2,7.88,4.59
yelet,1998,1,1,227,61,8.4254,724,6.08,1.71,3.07,0.56,2.09,3.24,0.65,2.44,3.33,0.73
hatred,1999,1,1,160,552,22.6137,2441,20.51,6.13,4.98,1.23,8.15,5.21,1.56,10.5,5.31,1.98
winux,2001,1,1,111,134,17.6781,758,6.37,1.79,3.12,0.57,2.2,3.29,0.67,2.58,3.39,0.76
rce385,1995,1,1,7,165,75.3425,219,1.84,0.49,1.91,0.26,0.55,2.03,0.27,0.58,2.1,0.28
Milennium,2000,1,1,149,257,22.8242,1126,9.46,2.72,3.66,0.74,3.43,3.85,0.89,4.15,3.94,1.05
luna,2010,1,1,13,11,10.4762,105,0.88,0.23,1.43,0.16,0.24,1.52,0.16,0.24,1.58,0.15
Plexar,2001,1,1,573,168,6.8543,2451,20.6,6.15,4.99,1.23,8.19,5.22,1.57,10.56,5.32,1.98
divinorum,2007,1,2,123,66,4.4564,1481,12.45,3.62,4.08,0.89,4.66,4.28,1.09,5.77,4.38,1.32
dnl12,2010,1,1,24,30,10.1695,295,2.48,0.67,2.15,0.31,0.76,2.27,0.33,0.83,2.36,0.35
dataseg,2004,1,1,52,152,100.6623,151,1.56,0.33,1.64,0.2,0.36,1.75,0.21,0.37,1.82,0.2
Simile,2002,1,1,954,2043,18.7139,10917,91.74,29.53,9.05,3.26,43.63,9.37,4.66,63.39,9.43,6.72
relx,2009,7,39,324,249,5.2754,4720,72.51,12.24,6.48,1.89,17.06,6.75,2.53,23.18,6.84,3.39
cleevix,2005,1,1,119,84,16.3424,514,4.32,1.19,2.67,0.45,1.42,2.83,0.5,1.62,2.92,0.55
Proto-t,1992,1,1,66,71,25.0883,283,2.38,0.64,2.11,0.3,0.73,2.24,0.33,0.79,2.32,0.34
nova,2009,1,1,28,31,12.6016,246,2.07,0.55,1.99,0.28,0.62,2.11,0.29,0.67,2.2,0.3
start,1998,1,1,211,48,6.4516,744,6.25,1.76,3.1,0.57,2.15,3.27,0.66,2.52,3.36,0.75
sepboot,1995,1,1,21,2,1.2346,162,1.36,0.35,1.68,0.21,0.39,1.8,0.22,0.41,1.88,0.22
BO2K,2007,5,206,7333,5851,20.8451,28069,529.77,79.59,13.19,6.03,125.64,13.57,9.26,196.87,13.55,14.53
bonk32,1998,1,1,24,43,8.7935,489,4.11,1.13,2.62,0.43,1.35,2.78,0.49,1.53,2.86,0.53
vulcano,1999,1,1,169,205,8.8706,2311,19.42,5.78,4.87,1.19,7.67,5.1,1.5,9.84,5.2,1.89
VBS.Win32.Vabian,2007,2,2,28,1,0.4566,219,4.93,0.49,1.91,0.26,0.55,2.03,0.27,0.58,2.1,0.28
isis,2002,1,1,162,109,15.7287,693,5.82,1.63,3.01,0.54,1.99,3.18,0.63,2.32,3.27,0.71
Hidan,2005,2,3,154,195,20.4617,953,8.63,2.28,3.42,0.67,2.84,3.6,0.79,3.4,3.7,0.92
Lexotan,2002,2,19,878,100,2.3364,4280,36.48,11.05,6.23,1.77,15.29,6.49,2.36,20.61,6.58,3.13
glaurung2k,2000,1,1,36,30,10.0,300,2.52,0.68,2.16,0.31,0.78,2.29,0.34,0.85,2.37,0.36
Egypt,2005,1,1,291,313,16.8009,1863,15.66,4.61,4.47,1.03,6.02,4.69,1.28,7.6,4.78,1.59
Gopnik,2014,2,84,2265,1305,6.0319,21635,446.93,60.55,11.89,5.09,93.86,12.25,7.66,144.04,12.26,11.75
impute,2013,2,11,940,1293,22.8123,5668,55.14,14.84,6.97,2.13,20.94,7.25,2.89,28.87,7.33,3.94
z0mbie4d,2000,3,3,73,18,6.8702,262,2.62,0.59,2.05,0.29,0.67,2.17,0.31,0.72,2.25,0.32
z0mbie4c,1999,3,5,255,62,6.631,935,9.8,2.24,3.4,0.66,2.78,3.58,0.78,3.32,3.67,0.9
z0mbie4b,1999,3,3,149,52,10.7438,484,4.66,1.12,2.61,0.43,1.33,2.76,0.48,1.51,2.85,0.53
Pupy,2015,6,101,2566,3566,30.2639,11783,355.13,31.99,9.33,3.43,47.53,9.66,4.92,69.47,9.71,7.15
Icecubes,2000,2,5,684,525,13.911,3774,33.23,9.68,5.92,1.64,13.28,6.18,2.15,17.72,6.27,2.83
CIA,1989,1,1,35,4,1.9802,202,1.7,0.45,1.85,0.24,0.5,1.96,0.26,0.53,2.04,0.26
wormwood,2001,1,1,39,0,0.0,250,2.1,0.56,2.01,0.28,0.64,2.14,0.3,0.68,2.21,0.31
cyneox,2004,1,1,96,172,73.8197,233,1.96,0.52,1.95,0.27,0.59,2.08,0.28,0.63,2.16,0.29
1200,1998,1,1,32,14,5.1661,271,2.28,0.61,2.07,0.29,0.7,2.21,0.32,0.75,2.28,0.33
knork,1999,1,1,68,36,7.947,453,3.81,1.04,2.54,0.41,1.24,2.7,0.46,1.39,2.78,0.5
Shiver,1998,1,1,87,5,1.6447,304,7.24,0.69,2.17,0.32,0.79,2.3,0.34,0.86,2.38,0.36
subsist,2010,2,2,0,4,36.3636,11,0.25,0.02,0.57,0.04,0.02,0.64,0.03,0.02,0.71,0.03
Melissa,1999,1,1,1,4,4.2105,95,2.26,0.2,1.36,0.15,0.21,1.45,0.14,0.21,1.52,0.14
Tormentor,1991,1,1,75,64,15.8416,404,3.39,0.93,2.43,0.38,1.09,2.58,0.42,1.21,2.66,0.45
kalamarai,2000,1,1,44,13,1.2524,1038,8.72,2.5,3.54,0.71,3.13,3.73,0.84,3.76,3.82,0.98
Dendroid,2014,10,74,2022,1184,8.604,13761,314.06,37.65,9.93,3.79,56.55,10.26,5.51,83.69,10.31,8.12
minir3b,2002,1,1,33,31,21.0884,147,1.24,0.32,1.62,0.2,0.35,1.73,0.2,0.36,1.8,0.2
triplix,2003,1,1,113,75,13.7112,547,4.6,1.27,2.74,0.46,1.53,2.9,0.53,1.75,2.99,0.59
42,2008,3,7,63,35,4.321,810,9.09,1.92,3.2,0.6,2.37,3.38,0.7,2.8,3.48,0.8
keyhackbat,2002,1,1,22,0,0.0,119,5.67,0.26,1.5,0.17,0.28,1.6,0.18,0.28,1.66,0.17
Badbrains,1991,1,1,64,14,7.0707,198,1.66,0.44,1.83,0.24,0.49,1.95,0.25,0.52,2.03,0.26
ZIB-Trojan,2015,1,5,97,190,3.2057,5927,246.96,15.55,7.09,2.19,22.01,7.38,2.98,30.46,7.46,4.08
elfinfect,2003,1,1,174,18,4.2959,419,3.52,0.96,2.46,0.39,1.13,2.61,0.43,1.27,2.7,0.47
zipworm,2000,2,3,36,25,4.2955,582,4.89,1.36,2.81,0.48,1.64,2.97,0.55,1.88,3.06,0.61
z0mbie4,1999,3,3,130,46,10.6729,431,4.21,0.99,2.49,0.4,1.17,2.64,0.44,1.31,2.73,0.48
z0mbie5,2000,6,13,396,172,11.0398,1558,24.54,3.82,4.16,0.92,4.93,4.37,1.13,6.13,4.47,1.37
newstar4,2009,3,12,78,22,2.5287,870,9.35,2.07,3.3,0.63,2.57,3.48,0.74,3.05,3.57,0.85
z0mbie7,2000,3,4,29,9,10.3448,87,1.41,0.18,1.3,0.14,0.19,1.4,0.14,0.19,1.47,0.13
z0mbie1,1997,4,4,1364,53,1.1457,4626,49.96,11.99,6.43,1.86,16.68,6.69,2.49,22.62,6.78,3.34
z0mbie2,1998,2,2,572,174,10.5968,1642,14.31,4.04,4.25,0.95,5.23,4.46,1.17,6.53,4.56,1.43
z0mbie3,1999,1,1,93,55,27.9188,197,1.66,0.44,1.83,0.24,0.49,1.95,0.25,0.51,2.02,0.25
ZMist,2002,3,7,245,63,4.6945,1342,23.81,3.27,3.92,0.83,4.17,4.12,1.01,5.12,4.22,1.21
hidrofobus,2006,1,1,15,13,7.027,185,2.06,0.41,1.78,0.23,0.45,1.89,0.24,0.48,1.98,0.24
z0mbie8,2000,3,3,57,17,6.7729,251,2.55,0.56,2.01,0.28,0.64,2.14,0.3,0.69,2.22,0.31
Nakedtruth,1993,1,1,40,53,34.8684,152,1.28,0.33,1.64,0.2,0.36,1.75,0.21,0.38,1.83,0.21
Plague2000,1998,1,1,57,76,24.8366,306,3.15,0.69,2.17,0.32,0.8,2.31,0.35,0.87,2.39,0.36
pestilence,2009,1,1,4,0,0.0,12,0.13,0.02,0.57,0.04,0.02,0.64,0.03,0.02,0.71,0.03
mimix,2008,2,4,472,516,18.0736,2855,25.39,7.22,5.3,1.36,9.71,5.54,1.75,12.68,5.64,2.25
nf3ct0r,2004,5,21,196,465,134.7826,345,5.19,0.79,2.29,0.34,0.91,2.42,0.38,1.0,2.5,0.4